first_name,known_name,second_name,web_name
David,,Raya Martín,Raya
Kepa,,Arrizabalaga Revuelta,Arrizabalaga
Karl,,Hein,Hein
Tommy,,Setford,Setford
Gabriel,Gabriel Magalhães,dos Santos Magalhães,Gabriel
William,,Saliba,Saliba
Riccardo,,Calafiori,Calafiori
Jurriën,,Timber,J.Timber
Jakub,,Kiwior,Kiwior
Myles,,Lewis-Skelly,Lewis-Skelly
Benjamin,,White,White
Brayden,,Clarke,Clarke
Maldini,,Kacurri,Kacurri
Josh,,Nichols,Nichols
Bukayo,,Saka,Saka
Martin,,Ødegaard,Ødegaard
Noni,,Madueke,Madueke
Gabriel,Gabriel Martinelli,Martinelli Silva,Martinelli
Leandro,,Trossard,Trossard
Declan,,Rice,Rice
Mikel,,Merino Zazón,Merino
Fábio,,Ferreira Vieira,Fábio Vieira
Christian,,Nørgaard,Nørgaard
Ethan,,Nwaneri,Nwaneri
Martín,,Zubimendi Ibáñez,Zubimendi
Ismeal,,Kabia,Kabia
Albert,,Sambi Lokonga,Sambi
Kai,,Havertz,Havertz
Gabriel,Gabriel Jesus,Fernando de Jesus,G.Jesus
Eberechi,,Eze,Eze
Cristhian,,Mosquera,Mosquera
Viktor,,Gyökeres,Gyökeres
Max,,Dowman,Dowman
Andre,,Harriman-Annous,Harriman-Annous
Piero,,Hincapié,Hincapie
Marli,,Salmon,Salmon
Emiliano,,Martínez Romero,Martinez
Marco,,Bizot,M.Bizot
Joe,,Gauci,Gauci
Filip,,Marschall,Marschall
Matty,,Cash,Cash
Lucas,,Digne,Digne
Ezri,,Konsa Ngoyo,Konsa
Ian,,Maatsen,Maatsen
Tyrone,,Mings,Mings
Pau,,Torres,Pau
Andrés,,García,A.García
Álex,,Moreno Lopera,Alex Moreno
Lamare,,Bogarde,Bogarde
Lino,,da Cruz Sousa,Sousa
Yasin,,Özcan,Yasin
Morgan,,Rogers,Rogers
Youri,,Tielemans,Tielemans
Leon,,Bailey,Bailey
Emiliano,,Buendía Stati,Buendía
Samuel,,Iling-Junior,Iling Jr
Donyell,,Malen,Malen
John,,McGinn,McGinn
Ross,,Barkley,Barkley
Enzo,,Barrenechea,Barrenechea
Lewis,,Dobbin,Dobbin
Boubacar,,Kamara,Kamara
Amadou,,Onana,Onana
Ben,,Broggio,Broggio
Leander,,Dendoncker,Dendoncker
Jamaldeen,,Jimoh-Aloba,Jimoh-Aloba
Kadan,,Young,Young
Ollie,,Watkins,Watkins
Zépiqueno,,Redmond,Redmond
Harvey,,Elliott,Elliott
Jadon,,Sancho,Sancho
James,,Wright,Wright
Douglas Luiz,Douglas Luiz,Soares de Paulo,Douglas Luiz
Triston,,Rowe,Rowe
Bradley,,Burrowes,Burrowes
Sam,,Proctor,Proctor
Travis,,Patterson,Patterson
Victor,,Lindelöf,Lindelöf
George,,Hemmings,George Hemmings
Ronnie,,Hollingshead,Hollingshead
Leon,,Routh,Leon Routh
TJ,,Carroll,Carroll
Alysson Edward Franco,Alysson Edward,da Rocha dos Santos,Alysson
Tammy,,Abraham,Abraham
Max,,Weiß,Weiss
Etienne,,Green,Green
Václav,,Hladký,Hladký
Connor,,Roberts,Roberts
Kyle,,Walker,Walker
Hannes,,Delcroix,Delcroix
Owen,,Dodgson,Dodgson
Hjalmar,,Ekdal,Ekdal
Maxime,,Estève,Estève
Quilindschy,,Hartman,Hartman
Bashir,,Humphreys,Humphreys
Jordan,,Beyer,Jordan
Lucas,Lucas Pires,Pires Silva,Lucas Pires
Shurandy,,Sambo,Sambo
Oliver,,Sonne,Sonne
Axel,,Tuanzebe,Tuanzebe
Joe,,Worrall,Worrall
Jaidon,,Anthony,Anthony
Manuel,,Benson Hedilazio,Benson
Jacob,,Bruun Larsen,Bruun Larsen
Enock,,Agyei,Boateng
Darko,,Churlinov,Churlinov
Josh,,Cullen,Cullen
Marcus,,Edwards,Edwards
Hannibal,,Mejbri,Hannibal
Luca,,Koleosho,Koleosho
Josh,,Laurent,Laurent
Loum,,Tchaouna,Tchaouna
Aaron,,Ramsey,A.Ramsey
Oluwaseun,,Adewumi,Adewumi
Jaydon,,Banel,Banel
Mike,,Trésor Ndayishimiye,Trésor
Zian,,Flemming,Flemming
Zeki,,Amdouni,Amdouni
Lyle,,Foster,Foster
Ashley,,Barnes,Barnes
Michael,,Obafemi,Obafemi
Martin,,Dúbravka,Dúbravka
James,,Ward-Prowse,Ward-Prowse
Lesley,,Ugochukwu,Ugochukwu
Armando,,Broja,Broja
Florentino Ibrain,Florentino,Morris Luís,Florentino
Oliver,,Pimlott,Pimlott
George,,Brierley,Brierley
Kian,,McMahon-Brown,McMahon-Brown
Norberto,,Murara Neto,Neto
Đorđe,,Petrović,Petrović
Will,,Dennis,Dennis
Callan,,McKenna,McKenna
Alex,,Paulsen,Paulsen
Illia,,Zabarnyi,Zabarnyi
Marcos,,Senesi Barón,Senesi
Adam,,Smith,Smith
Adrien,,Truffert,Truffert
Matai,,Akinmboni,Akinmboni
Owen,,Bevan,Bevan
James,,Hill,Hill
Julián,,Araujo Zúñiga,J.Araujo
Chris,,Mepham,Mepham
Julio,,Soler Barreto,Soler
Justin,,Kluivert,Kluivert
Marcus,,Tavernier,Tavernier
Tyler,,Adams,Adams
David,,Brooks,Brooks
Ryan,,Christie,Christie
Lewis,,Cook,Cook
Philip,,Billing,Philip
Alex,,Scott,Scott
Luis,,Sinisterra Lucumí,Sinisterra
Romain,,Faivre,Faivre
Hamed,,Traorè,H.Traorè
Dominic,,Sadi,Sadi
Zain,,Silcott-Duberry,Silcott-Duberry
Ben,,Winterburn,Winterburn
Francisco Evanilson,Evanilson,de Lima Barbosa,Evanilson
Enes,,Ünal,Enes Ünal
Daniel,,Adu-Adjei,Adu-Adjei
Junior,,Kroupi,Kroupi.Jr
Ben,,Gannon-Doak,Gannon-Doak
Bafodé,,Diakité,Diakité
Remy,,Rees-Dottin,Rees-Dottin
Amine,,Adli,Adli
Álex,,Jiménez Sánchez,A.Jimenez
Veljko,,Milosavljevic,Milosavljević
Malcom,,DaCosta,DaCosta
Fraser,,Forster,Forster
Charlie,,Stevens,Stevens
Alex,,Tóth,Tóth.A
Christos,,Mandas,Mandas
Rayan Vitor,Rayan,Simplício Rocha,Rayan
Reiss,,Nelson,Nelson
Dango,,Ouattara,O.Dango
Caoimhín,,Kelleher,Kelleher
Ellery,,Balcombe,Balcombe
Matthew,,Cox,Cox
Julian,,Eyestone,Eyestone
Hákon Rafn,,Valdimarsson,Valdimarsson
Nathan,,Collins,Collins
Keane,,Lewis-Potter,Lewis-Potter
Kristoffer,,Ajer,Ajer
Rico,,Henry,Henry
Michael,,Kayode,Kayode
Ethan,,Pinnock,Pinnock
Mads,,Roerslev Rasmussen,Roerslev
Sepp,,van den Berg,Van den Berg
Benjamin,,Arthur,Arthur
Benjamin,,Fredrick,Fredrick
Aaron,,Hickey,Hickey
Kim,,Ji-soo,Ji-soo
Jayden,,Meghoma,Meghoma
Kevin,,Schade,Schade
Mikkel,,Damsgaard,Damsgaard
Antoni,,Milambo,Milambo
Fábio,Fábio Carvalho,Freitas Gouveia Carvalho,Carvalho
Jordan,,Henderson,Henderson
Vitaly,,Janelt,Janelt
Mathias,,Jensen,Jensen
Gustavo,,Nunes Fernandes Gomes,Nunes
Frank,,Onyeka,Onyeka
Yehor,,Yarmoliuk,Yarmoliuk
Romelle,,Donovan,Donovan
Yunus Emre,,Konak,Konak
Paris,,Maghoma,Maghoma
Myles,,Peart-Harris,Peart-Harris
Ryan,,Trevitt,Trevitt
Igor Thiago,Igor Thiago,Nascimento Rodrigues,Thiago
Iwan,,Morgan,Morgan
Josh,,Dasilva,Dasilva
Kaye,,Furo,Furo
Luka,,Bentt,Bentt
Ollie,,Shield,Shield
Jason,,Steele,Steele
Bart,,Verbruggen,Verbruggen
Tom,,McGill,McGill
Carl,,Rushworth,Rushworth
Kjell,,Scherpen,Scherpen
Olivier,,Boscagli,Boscagli
Diego,,Coppola,Coppola
Maxim,,De Cuyper,De Cuyper
Lewis,,Dunk,Dunk
Pervis,,Estupiñán Tenorio,Estupiñan
Ferdi,,Kadıoğlu,F.Kadıoğlu
Igor Julio,Igor Julio,dos Santos de Paulo,Igor
Tariq,,Lamptey,Lamptey
Jan Paul,,van Hecke,Van Hecke
Joël,,Veltman,Veltman
Adam,,Webster,Webster
Eiran,,Cashin,Cashin
Jacob,,Slater,Slater
Charlie,,Tasker,Tasker
Mitoma,,Kaoru,Mitoma
Georginio,,Rutter,Georginio
Solly,,March,March
Yankuba,,Minteh,Minteh
Julio,,Enciso Espínola,Enciso
Brajan,,Gruda,Gruda
Jack,,Hinshelwood,Hinshelwood
Matt,,O'Riley,O'Riley
Abdallah,,Sima,Sima
Yasin,,Ayari,Ayari
Carlos,,Baleba,Baleba
Diego,,Gómez Amarilla,Gomez
James,,Milner,Milner
Jeremy,,Sarmiento Morante,Sarmiento
Tom,,Watson,Watson
Mats,,Wieffer,Wieffer
Malick,,Yalcouyé,Yalcouye
Joe,,Knight,Knight
Adrian,,Mazilu,Mazilu
Andrew,,Moran,Moran
Danny,,Welbeck,Welbeck
Evan,,Ferguson,Ferguson
Stefanos,,Tzimas,Tzimas
Charalampos,,Kostoulas,Kostoulas
Nehemiah,,Oriola,Oriola
Freddie,,Simmonds,Simmonds
Pascal,,Groß,Groß
Harry,,Howell,Howell
Robert,,Lynch Sánchez,Sánchez
Filip,,Jörgensen,Jörgensen
Mike,,Penders,Penders
Gabriel,,Słonina,Slonina
Marc,,Cucurella Saseta,Cucurella
Reece,,James,James
Trevoh,,Chalobah,Chalobah
Levi,,Samuels Colwill,Colwill
Malo,,Gusto,Gusto
Benoît,,Badiashile Mukinayi,B.Badiashile
Wesley,,Fofana,Fofana
Mamadou,Mamadou Sarr,Sarr,M.Sarr
Tosin,,Adarabioyo,Tosin
Josh,,Acheampong,Acheampong
Aarón,,Anselmino,Anselmino
Cole,,Palmer,Palmer
Pedro,Pedro Neto,Lomba Neto,Neto
Enzo,,Fernández,Enzo
Estêvão,Estêvão,Almeida de Oliveira Gonçalves,Estêvão
Jamie,,Bynoe-Gittens,Gittens
Christopher,,Nkunku,Nkunku
Moisés,,Caicedo Corozo,Caicedo
Roméo,,Lavia,Lavia
Mykhailo,,Mudryk,Mudryk
Andrey,Andrey Santos,Nascimento dos Santos,Andrey Santos
Dário,Dário Essugo,Luís Essugo,D.Essugo
Kendry,,Páez Andrade,Paez
João Pedro,João Pedro,Junqueira de Jesus,João Pedro
Liam,,Delap,Delap
Nicolas,,Jackson,N.Jackson
Marc,,Guiu Paz,Marc Guiu
Alejandro,,Garnacho Ferreyra,Garnacho
Jorrel,,Hato,Hato
Landon,,Emenalo,Emenalo
Max,,Merrick,Merrick
Teddy,,Sharman-Lowe,Sharman-Lowe
Dean,,Henderson,Henderson
Walter,,Benítez,Benitez
Remi,,Matthews,Matthews
Daniel,,Muñoz Mejía,Muñoz
Maxence,,Lacroix,Lacroix
Tyrick,,Mitchell,Mitchell
Borna,,Sosa,Sosa
Chris,,Richards,Richards
Chadi,,Riad Dnanou,Chadi Riad
Nathaniel,,Clyne,Clyne
Rob,,Holding,Holding
Caleb,,Kporha,Kporha
Ismaïla,Ismaïla Sarr,Sarr,Sarr
Cheick,,Doucouré,Doucouré
Romain,,Esse,Esse
Will,,Hughes,Hughes
Daichi,,Kamada,Kamada
Jefferson,,Lerma Solís,Lerma
Adam,,Wharton,Wharton
Asher,,Agbinone,Agbinone
Naouirou,,Ahamada,Ahamada
Justin,,Devenny,Devenny
Malcolm,,Ebiowei,Ebiowei
Jesurun,,Rak-Sakyi,J.Rak-Sakyi
Matheus,,França de Oliveira,M.França
David,,Ozoh,Ozoh
Kaden,,Rodney,Rodney
Franco,,Umeh-Chibueze,Umeh
Jean-Philippe,,Mateta,Mateta
Eddie,,Nketiah,Nketiah
Odsonne,,Édouard,Édouard
Zach,,Marsh,Marsh
Brennan,,Johnson,Johnson
Jørgen,,Strand Larsen,Strand Larsen
Evann,,Guessand,Guessand
Rio,,Cardines,Cardines
Yéremy,,Pino Santos,Yeremy
Jaydee,,Canvot,Canvot
Christantus,,Uche,Uche
Joél,,Drakes-Thomas,Drakes-Thomas
Dean,,Benamar,Benamar
Ben,,Casey,Casey
George,,King,King
Danny,,Imray,Imray
Kiernan,,Dewsbury-Hall,Dewsbury-Hall
Tyrique,,George,George
Jordan,,Pickford,Pickford
Mark,,Travers,Travers
Harry,,Tyrer,Tyrer
Jarrad,,Branthwaite,Branthwaite
James,,Tarkowski,Tarkowski
Vitalii,,Mykolenko,Mykolenko
Jake,,O'Brien,O'Brien
Séamus,,Coleman,Coleman
Michael,,Keane,Keane
Nathan,,Patterson,Patterson
Roman,,Dixon,Dixon
Reece,,Welch,Welch
Iliman,Iliman Ndiaye,Ndiaye,Ndiaye
Dwight,,McNeil,McNeil
Carlos,,Alcaraz Durán,Alcaraz
Idrissa Gana,Idrissa Gueye,Gueye,Gana
James,,Garner,Garner
Tim,,Iroegbunam,Iroegbunam
Harrison,,Armstrong,Armstrong
Callum,,Bates,Bates
Coby,,Ebere,Ebere
Isaac,,Heath,Heath
Jenson,,Metcalfe,Metcalfe
Thierno,,Barry,Barry
Norberto Bercique,Beto,Gomes Betuncal,Beto
Youssef,,Ramalho Chermiti,Y.Chermiti
Martin,,Sherif,Sherif
Jack,,Grealish,Grealish
Tom,,King,King
Adam,,Aznou,Aznou
Tyler,,Onyango,Onyango
Elijah,,Campbell,Campbell
Tyler,,Dibling,Dibling
Merlin,,Röhl,Röhl
Braiden,,Graham,Graham
Bernd,,Leno,Leno
Steven,,Benda,Benda
Antonee,,Robinson,Robinson
Joachim,,Andersen,Andersen
Calvin,,Bassey,Bassey
Timothy,,Castagne,Castagne
Issa,,Diop,Diop
Jorge,,Cuenca Barreno,J.Cuenca
Kenny,,Tete,Tete
Samuel,,Amissah,Amissah
Alex,,Iwobi,Iwobi
Emile,,Smith Rowe,Smith Rowe
Andreas,,Hoelgebaum Pereira,Andreas
Ryan,,Sessegnon,Sessegnon
Harry,,Wilson,Wilson
Sander,,Berge,Berge
Tom,,Cairney,Cairney
Saša,,Lukić,Lukić
Martial,,Godo,Godo
Luke,,Harris,Harris
Josh,,King,King
Harrison,,Reed,Reed
Raúl,,Jiménez Rodríguez,Raúl
Rodrigo,Rodrigo Muniz,Muniz Carvalho,Muniz
Oscar,,Bobb,Bobb
Benjamin,,Lecomte,Lecomte
Samuel,,Chukwueze,Chukwueze
Kevin,Kevin,Santos Lopes de Macedo,Kevin
Jonah,,Kusi-Asare,Kusi-Asare
Seth,,Ridgeon,Ridgeon
Alfie,,McNally,McNally
Facundo,,Buonanotte,Buonanotte
Illan,,Meslier,Meslier
Alex,,Cairns,Cairns
Karl,,Darlow,Darlow
Jayden,,Bogle,Bogle
Pascal,,Struijk,Struijk
Jaka,,Bijol,Bijol
Sebastiaan,,Bornauw,Bornauw
Sam,,Byram,Byram
Gabriel,,Gudmundsson,Gudmundsson
Joe,,Rodon,Rodon
Isaac,,Schmidt,Schmidt
Brenden,,Aaronson,Aaronson
Wilfried,,Gnonto,Gnonto
Jack,,Harrison,Harrison
Daniel,,James,James
Ethan,,Ampadu,Ampadu
Sam,,Greenwood,Greenwood
Ilia,,Gruev,Gruev
Largie,,Ramazani,Ramazani
Tanaka,,Ao,Tanaka
Charlie,,Crew,Crew
Joe,,Gelhardt,Gelhardt
Darko,,Gyabi,Gyabi
Joël,,Piroe,Piroe
Patrick,,Bamford,Bamford
Mateo,,Joseph Fernández-Regatillo,Mateo Joseph
Lukas,,Nmecha,Nmecha
Sean,,Longstaff,Longstaff
Anton,,Stach,Stach
Lucas Estella,Lucas Perri,Perri,Perri
Dominic,,Calvert-Lewin,Calvert-Lewin
Noah,,Okafor,Okafor
James,,Justin,Justin
Harry,,Gray,Gray
Sam,,Chambers,Chambers
Alisson,Alisson Becker,Becker,A.Becker
Giorgi,,Mamardashvili,Mamardashvili
Ármin,,Pécsi,Pécsi
Freddie,,Woodman,Woodman
Jeremie,,Frimpong,Frimpong
Milos,,Kerkez,Kerkez
Andrew,,Robertson,Robertson
Virgil,,van Dijk,Virgil
Ibrahima,,Konaté,Konaté
Conor,,Bradley,Bradley
Joe,,Gomez,Gomez
Konstantinos,,Tsimikas,Tsimikas
Amara,,Nallo,Nallo
Rhys,,Williams,R.Williams
Calvin,,Ramsay,Ramsay
Mohamed,Mohamed Salah,Salah,M.Salah
Florian,,Wirtz,Wirtz
Luis,,Díaz Marulanda,Luis Díaz
Cody,,Gakpo,Gakpo
Federico,,Chiesa,Chiesa
Alexis,,Mac Allister,Mac Allister
Dominik,,Szoboszlai,Szoboszlai
Curtis,,Jones,C.Jones
Ryan,,Gravenberch,Gravenberch
Endo,,Wataru,Endo
Stefan,,Bajčetić Maquieira,Bajcetic
James,,McConnell,McConnell
Tyler,,Morton,Morton
Trey,,Nyoni,Nyoni
Darwin,,Núñez Ribeiro,Darwin
Jayden,,Danns,Danns
Alexander,,Isak,Isak
Hugo,,Ekitiké,Ekitiké
Rio,,Ngumoha,Ngumoha
Giovanni,,Leoni,Leoni
Kieran,,Morrison,Morrison
Wellity,,Lucky,Lucky
Antoine,,Semenyo,Semenyo
James,,Trafford,Trafford
Marc,,Guéhi,Guéhi
Ederson,,Santana de Moraes,Ederson M.
Marcus,,Bettinelli,Bettinelli
Rayan,,Aït-Nouri,Aït-Nouri
Joško,,Gvardiol,Gvardiol
Manuel,,Akanji,Akanji
Nathan,,Aké,Aké
Abdukodir,,Khusanov,Khusanov
Matheus,Matheus Nunes,Nunes,Matheus N.
Rúben,Rúben Dias,dos Santos Gato Alves Dias,Rúben
John,,Stones,Stones
Rico,,Lewis,Lewis
Nico,,O'Reilly,O'Reilly
Vitor,,de Oliveira Nunes dos Reis,Vitor Reis
Omar,Omar Marmoush,Marmoush,Marmoush
Phil,,Foden,Foden
Sávio,Savinho,Moreira de Oliveira,Savinho
Bernardo,Bernardo Silva,Mota Veiga de Carvalho e Silva,Bernardo
Rayan,,Cherki,Cherki
Jérémy,,Doku,Doku
İlkay,,Gündoğan,Gündoğan
Rodrigo 'Rodri',Rodri,Hernandez Cascante,Rodrigo
Mateo,,Kovačić,Kovačić
Nico,,González Iglesias,N.Gonzalez
Claudio,,Echeverri,Echeverri
Tijjani,,Reijnders,Reijnders
Sverre,,Nypan,Nypan
Kalvin,,Phillips,Phillips
Erling,,Haaland,Haaland
Gianluigi,,Donnarumma,Donnarumma
Divine,,Mukasa,Mukasa
Stephen,,Mfuni,Mfuni
Ryan,,McAidoo,McAidoo
Charlie,,Gray,Gray
Reigan,Reigan Heskey,Heskey,Heskey
Max,,Alleyne,Alleyne
Bryan,,Mbeumo,Mbeumo
Altay,,Bayındır,Bayindir
André,,Onana,Onana
Elyh,,Harrison,Harrison
Tom,,Heaton,Heaton
Dermot,,Mee,Mee
Matthijs,,de Ligt,De Ligt
Lisandro,,Martínez,Martinez
Noussair,,Mazraoui,Mazraoui
Diego,,León Blanco,D.Leon
Diogo,Diogo Dalot,Dalot Teixeira,Dalot
Patrick,,Dorgu,Dorgu
Harry,,Maguire,Maguire
Luke,,Shaw,Shaw
Leny,,Yoro,Yoro
Harry,,Amass,Amass
Tyler,,Fredricson,Fredricson
Ayden,,Heaven,Heaven
Tyrell,,Malacia,Malacia
Bruno,Bruno Fernandes,Borges Fernandes,B.Fernandes
Matheus,Matheus Cunha,Santos Carneiro da Cunha,Cunha
Marcus,,Rashford,Rashford
Amad,,Diallo,Amad
Antony,,dos Santos,Antony
Mason,,Mount,Mount
Carlos Henrique,Casemiro,Casimiro,Casemiro
Kobbie,,Mainoo,Mainoo
Manuel,,Ugarte Ribeiro,Ugarte
Toby,,Collyer,Collyer
Jayce,,Fitzgerald,Fitzgerald
Jack,Jack Fletcher,Fletcher,J.Fletcher
Sékou,,Koné,Kone
Jack,,Moorhouse,Moorhouse
Rasmus,,Højlund,Højlund
Joshua,,Zirkzee,Zirkzee
Chido,,Obi,Obi
Ethan,,Wheatley,Wheatley
Benjamin,,Sesko,Šeško
Senne,,Lammens,Lammens
Shea,,Lacey,Lacey
Bendito,,Mantato,Bendito Mantato
Tyler,Tyler Fletcher,Fletcher,Fletcher
Godwill,,Kukonki,Kukonki
Jacob,,Ramsey,J.Ramsey
Yoane,,Wissa,Wissa
Nick,,Pope,Pope
Mark,,Gillespie,Gillespie
Odysseas,,Vlachodimos,Odysseas
Lewis,,Hall,Hall
Fabian,,Schär,Schär
Sven,,Botman,Botman
Dan,,Burn,Burn
Tino,,Livramento,Livramento
Kieran,,Trippier,Trippier
Emil,,Krafth,Krafth
Jamaal,,Lascelles,Lascelles
Alex,Alex Murphy,Murphy,A.Murphy
Harrison,,Ashby,Ashby
Miodrag,,Pivaš,Pivas
Matt,,Targett,Targett
Anthony,,Gordon,Gordon
Anthony,,Elanga,Elanga
Harvey,,Barnes,Barnes
Bruno,Bruno Guimarães,Guimarães Rodriguez Moura,Bruno G.
Jacob,Jacob Murphy,Murphy,J.Murphy
Joelinton Cássio,Joelinton,Apolinário de Lira,Joelinton
Sandro,,Tonali,Tonali
Antoñito,,Cordero Campillo,Antoñito C.
Joe,,Willock,Willock
Isaac,,Hayden,Hayden
Garang,,Kuol,Kuol
Lewis,,Miley,L.Miley
Joe,,White,White
William,,Osula,Osula
Sean,,Neave,Neave
Aaron,,Ramsdale,Ramsdale
Malick,,Thiaw,Thiaw
Seung-Soo,Park Seung-Soo,Park,Seung soo
Nick,,Woltemade,Woltemade
John,,Ruddy,Ruddy
Leo,,Shahar,Shahar
Sam,,Alabi,Alabi
Oleksandr,,Zinchenko,Zinchenko
Stefan,,Ortega Moreno,Ortega Moreno
James,,McAtee,McAtee
Matz,,Sels,Sels
Carlos Miguel,,dos Santos Pereira,C.Miguel
Matt,,Turner,Turner
Nikola,,Milenković,Milenković
Murillo,Murillo,Costa dos Santos,Murillo
Ola,,Aina,Aina
Neco,,Williams,N.Williams
David,,Mota Veiga Teixeira do Carmo,David Carmo
Jair,Jair Cunha,Paula da Cunha Filho,Jair Cunha
Felipe,Morato,Rodrigues da Silva,Morato
Omar,,Richards,O.Richards
Zach,,Abbott,Abbott
Willy,,Boly,Boly
Morgan,,Gibbs-White,Gibbs-White
Callum,,Hudson-Odoi,Hudson-Odoi
Elliot,,Anderson,Anderson
João Pedro,,Ferreira da Silva,Jota
Nicolás,,Domínguez,Dominguez
Lewis,,O'Brien,O'Brien
Ibrahim,,Sangaré,Sangaré
Ryan,,Yates,Yates
Eric,,da Silva Moreira,Da Silva Moreira
Marko,,Stamenić,Stamenic
Chris,,Wood,Wood
Igor Jesus,Igor Jesus,Maciel da Cruz,Igor Jesus
Taiwo,,Awoniyi,Awoniyi
Dan,,Ndoye,Ndoye
Angus,,Gunn,Gunn
Omari,,Hutchinson,Hutchinson
Arnaud,,Kalimuendo,Kalimuendo
John Victor,John Victor,Maciel Furtado,John
Nicolò,,Savona,Savona
Luis Eduardo,,Soares da Silva,Cuiabano
Dilane,,Bakwa,Bakwa
Lorenzo,,Lucca,Lucca
Luca,,Netz,Netz
Anthony,,Patterson,Patterson
Simon,,Moore,Moore
Blondy,,Nna Noukeu,Nna Noukeu
Daniel,,Ballard,Ballard
Trai,,Hume,Hume
Aji,,Alese,Alese
Joe,,Anderson,Anderson
Dennis,,Cirkin,Cirkin
Leo Fuhr,,Hjelde,Hjelde
Niall,,Huggins,Huggins
Zak,,Johnson,Johnson
Luke,,O'Nien,O'Nien
Timothée,,Pembélé,Pembele
Reinildo,Reinildo Mandava,Mandava,Reinildo
Jenson,,Seelt,Seelt
Simon,,Adingra,Adingra
Habib,,Diarra,Diarra
Patrick,,Roberts,Roberts
Milan,,Aleksić,Aleksić
Enzo,,Le Fée,E.Le Fée
Romaine,,Mundle,Mundle
Dan,,Neil,Neil
Ian,,Poveda-Ocampo,Poveda
Chris,,Rigg,Rigg
Noah,,Sadiki,Sadiki
Chemsdine,,Talbi,Talbi
Abdoullah,,Ba,Ba
Alan,,Browne,Browne
Pierre,,Ekwah Elimby,Ekwah
Harrison,Harrison Jones,Jones,H.Jones
Jay,,Matete,Matete
Nectarios,,Triantis,Triantis
Wilson,,Isidor,Isidor
Eliezer,,Mayenda Dossou,Mayenda
Ahmed,,Abdullahi,Abdullahi
Luís Hemir,,Silva Semedo,Luís Hemir
Nazarii,,Rusyn,Rusyn
Granit,,Xhaka,Xhaka
Robin,,Roefs,Roefs
Arthur,,Masuaku,Masuaku
Omar,,Alderete,Alderete
Nordi,,Mukiele,Mukiele
Lutsharel,,Geertruida,Geertruida
Brian,,Brobbey,Brobbey
Bertrand,Bertrand Traoré,Traoré,Traoré
Jenson,Jenson Jones,Jones,Jenson Jones
Tymur,,Tutierov,Tutierov
Djiamgone Jocelin Ta,,Bi,Jocelin.T
Melker,,Ellborg,Ellborg
Nilson,,Angulo,Angulo
Guglielmo,,Vicario,Vicario
Brandon,,Austin,Austin
Antonín,,Kinský,Kinsky
Pedro,,Porro Sauceda,Pedro Porro
Cristian,,Romero,Romero
Kevin,,Danso,Danso
Ben,,Davies,Davies
Radu,,Drăgușin,Dragusin
Djed,,Spence,Spence
Destiny,,Udogie,Udogie
Micky,,van de Ven,Van de Ven
Ashley,,Phillips,Phillips
Takai,,Kōta,Takai
Luka,,Vušković,Vuskovic
Son,,Heung-min,Son
James,,Maddison,Maddison
Mohammed,,Kudus,Kudus
Dejan,,Kulusevski,Kulusevski
Mathys,,Tel,Tel
Rodrigo,,Bentancur,Bentancur
Lucas,,Bergvall,Bergvall
Yves,,Bissouma,Bissouma
Wilson,,Odobert,Odobert
Manor,,Solomon,Solomon
Bryan,,Gil Salvatierra,Bryan
Archie,,Gray,Gray
Mikey,,Moore,Moore
Pape Matar,Pape Matar Sarr,Sarr,P.M.Sarr
Yang,,Min-hyeok,Min-hyeok
Callum,,Olusesi,Olusesi
Dominic,,Solanke-Mitchell,Solanke
Richarlison,Richarlison,de Andrade,Richarlison
Will,,Lankshear,Lankshear
Dane,,Scarlett,Scarlett
João Maria,João Palhinha,Lobo Alves Palhares Costa Palhinha Gonçalves,J.Palhinha
Xavi,,Simons,Xavi
Randal,,Kolo Muani,Kolo Muani
Jun'ai,,Byfield,Byfield
James,,Rowswell,Rowswell
Yusuf,,Akhamrich,Akhamrich
Lucá,,Williams-Barnett,Williams-Barnett
Conor,,Gallagher,Gallagher
João Victor,Souza,de Souza Menezes,Souza
Rio,,Kyerematen,Kyerematen
James,,Wilson,Wilson
Adama,,Traoré Diarra,Adama
Alphonse,,Areola,Areola
Wes,,Foderingham,Foderingham
Krisztián,,Hegyi,Hegyi
El Hadji Malick,El Hadji Malick Diouf,Diouf,Diouf
Emerson,,Palmieri dos Santos,Emerson
Maximilian,,Kilman,Kilman
Konstantinos,,Mavropanos,Mavropanos
Nayef,,Aguerd,N.Aguerd
Ollie,,Scarles,Scarles
Jean-Clair,,Todibo,Todibo
Aaron,,Wan-Bissaka,Wan-Bissaka
Kaelan,,Casey,Casey
Lucas,,Tolentino Coelho de Lima,L.Paquetá
Tomáš,,Souček,Souček
Crysencio,,Summerville,Summerville
Edson,,Álvarez Velázquez,Álvarez
Maxwel,,Cornet,Cornet
Guido,,Rodríguez,G.Rodriguez
Luis Guilherme,,Lira dos Santos,L.Guilherme
George,,Earthy,Earthy
Andy,,Irving,Irving
Lewis,,Orford,Orford
Freddie,,Potts,Potts
Jarrod,,Bowen,Bowen
Niclas,,Füllkrug,Füllkrug
Callum,,Marshall,Marshall
Kyle,,Walker-Peters,Walker-Peters
Callum,,Wilson,Wilson
Mads,,Hermansen,Hermansen
Mateus Gonçalo,Mateus Fernandes,Espanha Fernandes,M.Fernandes
Soungoutou,,Magassa,S.Magassa
Lukasz,,Fabianski,Fabianski
Ezra,,Mayers,Mayers
Airidas,,Golambeckis,Golambeckis
Mohamadou,,Kanté,Mohamadou Kanté
Pablo Felipe,Pablo,Pereira de Jesus,Pablo
Valentín,,Castellanos,Taty
Keiber,,Lamadrid,Lamadrid
Axel,,Disasi,Disasi
Sam,,Johnstone,Johnstone
José,José Sá,Malheiro de Sá,José Sá
Daniel,,Bentley,Bentley
Emmanuel,,Agbadou,Agbadou
Matt,,Doherty,Doherty
Hugo,Hugo Bueno,Bueno López,H.Bueno
Yerson,,Mosquera Valdelamar,Mosquera
Rodrigo,Rodrigo Gomes,Martins Gomes,R.Gomes
Santiago,Santiago Bueno,Ignacio Bueno,S.Bueno
Toti,Toti Gomes,Gomes,Toti
Ki-Jana,,Hoever,Hoever
Bastien,,Meupiyou Menadjou,Meupiyou
Pedro,Pedro Lima,Cardoso de Lima,Pedro Lima
Alfie,,Pond,Pond
Hwang,Hwang Hee-Chan,Hee-chan,Hee Chan
André,André,Trindade da Costa Neto,André
Jean-Ricner,,Bellegarde,Bellegarde
Fer,,López González,Fer López
João Victor,João Gomes,Gomes da Silva,J.Gomes
Gonçalo Manuel,,Ganchinho Guedes,Guedes
Marshall,,Munetsi,Munetsi
Boubacar,,Traoré,B.Traore
Tawanda,,Chirewa,Chirewa
Tom,,Edozie,Edozie
Enso,,González Medina,Gonzalez
Joe,,Hodge,Hodge
Fábio,,Soares Silva,Fábio Silva
Saša,,Kalajdžić,Kalajdžić
Leon,,Chiwome,Chiwome
Nathan,,Fraser,Fraser
Jhon,,Arias,J.Arias
David,,Møller Wolfe,Møller Wolfe
Jackson,,Tchatchoua,Tchatchoua
Ladislav,,Krejcí,Krejčí
Tolu,,Arokodare,Tolu
Mateus,,Mané,Mané
Saheed,,Olagunju,Olagunju
Luke,,Rawlings,Rawlings
Temple,,Ojinnaka,Ojinnaka
Ethan,,Sutherland,Sutherland
Jerome,,Abbey,Abbey
Angel,,Gomes,Angel
Adam,,Armstrong,Armstrong
